{
  "Total" : {
    "transaction" : "Total",
    "sampleCount" : 1886,
    "errorCount" : 1482,
    "errorPct" : 78.579,
    "meanResTime" : 7393.369565217392,
    "medianResTime" : 6703.0,
    "minResTime" : 257.0,
    "maxResTime" : 32175.0,
    "pct1ResTime" : 14325.0,
    "pct2ResTime" : 16636.299999999996,
    "pct3ResTime" : 26016.669999999922,
    "throughput" : 17.821538926738924,
    "receivedKBytesPerSec" : 203.55882271301274,
    "sentKBytesPerSec" : 2.4684209694832133
  },
  "ServicesPage" : {
    "transaction" : "ServicesPage",
    "sampleCount" : 523,
    "errorCount" : 523,
    "errorPct" : 100.0,
    "meanResTime" : 8923.734225621418,
    "medianResTime" : 8325.0,
    "minResTime" : 441.0,
    "maxResTime" : 32175.0,
    "pct1ResTime" : 15529.400000000001,
    "pct2ResTime" : 17671.999999999996,
    "pct3ResTime" : 29018.999999999985,
    "throughput" : 5.037128355276464,
    "receivedKBytesPerSec" : 135.1070160281569,
    "sentKBytesPerSec" : 0.7083461749607528
  },
  "AboutPage" : {
    "transaction" : "AboutPage",
    "sampleCount" : 629,
    "errorCount" : 458,
    "errorPct" : 72.81399,
    "meanResTime" : 7021.799682034979,
    "medianResTime" : 6544.0,
    "minResTime" : 257.0,
    "maxResTime" : 31691.0,
    "pct1ResTime" : 13925.0,
    "pct2ResTime" : 16145.5,
    "pct3ResTime" : 27649.500000000113,
    "throughput" : 6.037105644549809,
    "receivedKBytesPerSec" : 29.60186273562948,
    "sentKBytesPerSec" : 0.8312811483217999
  },
  "IndexPage" : {
    "transaction" : "IndexPage",
    "sampleCount" : 734,
    "errorCount" : 501,
    "errorPct" : 68.256134,
    "meanResTime" : 6621.348773841963,
    "medianResTime" : 5470.0,
    "minResTime" : 287.0,
    "maxResTime" : 31313.0,
    "pct1ResTime" : 13836.0,
    "pct2ResTime" : 15907.75,
    "pct3ResTime" : 23676.199999999986,
    "throughput" : 6.950231043102795,
    "receivedKBytesPerSec" : 41.94573031872585,
    "sentKBytesPerSec" : 0.9570142354272403
  }
}